question,answer
What is the innovation behind Leclanché's new method to produce lithium-ion batteries?,"Leclanché has introduced an innovative method for producing lithium-ion batteries that significantly enhances their environmental sustainability and performance. The key innovations include:

1. **Reduced Cobalt Usage**: The new battery design uses less cobalt, which is a critical and often expensive component in battery production.

2. **Increased Energy Density**: The new battery cell boosts energy density by 20%, which means it can store more energy in the same amount of space, improving overall efficiency.

3. **Environmentally Friendly Production Process**: Leclanché has replaced highly toxic organic solvents, such as N-methyl pyrrolidone (NMP), traditionally used in the production of battery components, with a water-based process. This change not only makes the production process safer for workers and the environment but also enhances the recyclability of the batteries at the end of their life cycle.

These advancements position Leclanché's batteries as a more sustainable option in the growing market for energy storage solutions, particularly in applications like electric vehicles and renewable energy systems."
What is the EU’s Green Deal Industrial Plan?,"The EU's Green Deal Industrial Plan is an initiative aimed at boosting investment and economic resilience within the European Union to address the challenges of the green transition. Introduced by European Commission President Ursula von der Leyen at the World Economic Forum in Davos in January 2023, the plan seeks to enhance the competitiveness of the EU's net zero industry and accelerate its transition to a sustainable economy.

Key aspects of the Green Deal Industrial Plan include:

1. **Focus Areas**: The plan is structured around four main pillars:
   - Regulatory environment
   - Access to finance
   - Enhancing skills
   - Improving supply chain resilience

2. **Financial Support**: It will be financed through the EU's €1.8 trillion NextGenerationEU Recovery Plan and is part of the EU's seven-year budget.

3. **Objective**: The plan aims to support the expansion of European manufacturing of technologies, goods, and services necessary to meet climate targets, thereby modernizing the economy and making it more resource-efficient.

4. **Context**: The initiative is a response to global challenges, including the need for a competitive edge against other major economies and the impacts of geopolitical events, such as the Russian invasion of Ukraine. It also aligns with other international legislative efforts, like the US Inflation Reduction Act.

Overall, the Green Deal Industrial Plan represents the EU's commitment to leading the global energy transition and fostering a sustainable industrial base."
What is the EU’s Green Deal Industrial Plan?,"The EU's Green Deal Industrial Plan is an initiative aimed at enhancing investment and economic resilience within the European Union to address the challenges of the green transition. Introduced by European Commission President Ursula von der Leyen at the World Economic Forum in January 2023, the plan seeks to make the EU's net-zero industry more competitive and accelerate its transition to net-zero emissions.

Key aspects of the Green Deal Industrial Plan include:

1. **Focus Areas**: The plan is structured around four main pillars:
   - Regulatory environment
   - Access to finance
   - Enhancing skills
   - Improving supply chain resilience

2. **Financial Support**: It will be financed through the EU's €1.8 trillion NextGenerationEU Recovery Plan and is part of the EU's seven-year budget.

3. **Goals**: The plan aims to support the expansion of European manufacturing of technologies, goods, and services necessary to meet climate targets, thereby modernizing the economy and making it more resource-efficient.

4. **Context**: The initiative is a response to global challenges, including the Russian invasion of Ukraine and competition from other major economies, such as the United States with its Inflation Reduction Act.

Overall, the Green Deal Industrial Plan is a strategic effort by the EU to position itself as a leader in the global energy transition and clean technology development."
What are the four focus areas of the EU's Green Deal Industrial Plan?,"The four focus areas, or pillars, of the EU's Green Deal Industrial Plan are:

1. **Regulatory Environment**: Creating a predictable and simplified regulatory framework to support industrial growth.
2. **Access to Finance**: Ensuring faster access to funding for projects and initiatives related to net-zero technologies.
3. **Enhancing Skills**: Developing and enhancing the skills necessary for the workforce to support the green transition.
4. **Supply Chain Resilience**: Improving the resilience of supply chains to ensure stability and efficiency in the production of net-zero technologies."
When did the cooperation between GM and Honda on fuel cell vehicles start?,The cooperation between General Motors (GM) and Honda on fuel cell vehicles began in 2013. The two companies announced a partnership to develop next-generation fuel cell systems and hydrogen storage technologies. This collaboration aimed to accelerate the development of fuel cell technology for use in vehicles.
Did Colgate-Palmolive enter into PPA agreements with solar developers?,"Yes, Colgate-Palmolive has entered into a power purchase agreement (PPA) with Scout Clean Energy for the Markum Solar Farm located near Waco, Texas. This agreement is a virtual power purchase agreement (VPPA) that will last for 20 years and is expected to meet the electricity needs of Colgate-Palmolive's entire U.S. operations once the solar project is commissioned in late 2024. The Markum Solar Farm will generate enough clean energy to power approximately 32,200 homes and is part of Colgate-Palmolive's strategy to achieve net-zero carbon emissions by 2040 and 100% renewable electricity across its global operations by 2030."
What is the status of ZeroAvia's hydrogen fuel cell electric aircraft?,"ZeroAvia is making significant strides in the development of hydrogen fuel cell electric aircraft. They have successfully demonstrated the scalability of their technology with the first flight of a 19-seat aircraft, highlighting its potential for zero-emission aviation. Their hydrogen-electric powertrains are reported to have 30 times more specific energy compared to lithium-ion batteries, making them a promising alternative for decarbonizing the aviation sector.

Currently, ZeroAvia is focused on the HyFlyer II project, which is supported by the UK Government, aiming to develop a 600 kW powertrain for commercial zero-emission flights. Additionally, they are working on a Hydrogen Airport Refuelling Ecosystem (HARE) to facilitate on-site hydrogen production for fueling their aircraft."
"What is the ""Danger Season""?","The ""Danger Season"" refers to a period in the Northern Hemisphere, particularly in the western United States, that occurs as spring transitions into summer. During this time, the risk of wildfires, heat waves, and hurricanes increases, largely due to climate change. The onset of Danger Season is marked by the shift from the winter wet season to the summer dry season. Although wildfires can happen year-round, this transition signifies the beginning of the wildfire season in the region. 

For instance, the National Interagency Fire Center's seasonal outlook indicates that after a particularly rainy and snowy winter, the wildfire risk across many western states may be below average to normal at least through August."
Is Mississipi an anti-ESG state?,"Yes, Mississippi is considered an anti-ESG state. State officials, including Republican governors, legislators, and attorneys general, have been vocal in their opposition to Environmental, Social, and Governance (ESG) principles. This anti-ESG sentiment is part of a broader movement among several states where officials are promoting policies that push back against ESG investment strategies, often citing concerns about the impact on public pension plans and the flow of investor dollars into clean technologies.

Despite this anti-ESG rhetoric, Mississippi is also involved in initiatives to develop clean technologies, such as a significant green hydrogen project being spearheaded by Hy Stor Energy. This duality highlights the complex relationship between state policies and the push for clean energy solutions."
Can you hang solar panels on garden fences?,"Yes, you can hang solar panels on garden fences, but there are several factors to consider:

1. **Structural Integrity**: Ensure that the fence is strong enough to support the weight of the solar panels. Fences are typically not designed to bear heavy loads, so you may need to reinforce the fence or use a different mounting solution.

2. **Orientation and Angle**: Solar panels need to be positioned to receive maximum sunlight. Hanging them on a fence may limit their exposure to the sun, especially if the fence is not oriented towards the south (in the Northern Hemisphere) or if there are obstructions like trees or buildings.

3. **Local Regulations**: Check local zoning laws and regulations regarding solar panel installations. Some areas may have restrictions on where and how solar panels can be mounted.

4. **Accessibility**: Consider how easy it will be to access the panels for maintenance and cleaning. Panels mounted on a fence may be more difficult to reach than those mounted on a roof or a dedicated structure.

5. **Aesthetics**: Think about how the solar panels will look on your fence. You may want to choose panels that blend well with your garden design.

6. **Electrical Considerations**: Ensure that the installation complies with electrical codes and that you have a safe way to connect the panels to your electrical system.

If you decide to proceed, it may be beneficial to consult with a professional installer to ensure that the setup is safe and effective."
Who develops quality control systems for ocean temperature in-situ profiles?,"The quality control systems for ocean temperature in-situ profiles are developed by scientists from the Chinese Academy of Sciences’ (CAS) Institute of Atmospheric Physics (IAP). They have created a novel climatological range-based automatic quality control system known as the CAS Ocean Data Center–Quality Control system (CODC–QC). This system includes 14 distinct quality checks to identify outliers in the data, aiming to provide a quality-homogeneous database while reducing the human workload and time costs associated with manual quality control."
Why are milder winters detrimental for grapes and apples?,"Milder winters can be detrimental to grapes and apples for several reasons:

1. **Physiological Changes**: During winter, grapevines and apple trees undergo important physiological changes that are crucial for their growth cycle. These changes help the plants enter dormancy in the fall and prepare for budbreak and flowering in the spring. Milder winters disrupt this process, leading to potential synchronization issues in their growth cycles.

2. **Erratic Temperature Fluctuations**: Milder winters often come with erratic temperature changes. This unpredictability can make it difficult for growers to manage the plants' needs effectively. For instance, if temperatures rise too early, it can trigger premature budbreak, which increases the risk of frost damage later in the season.

3. **Cold Hardiness**: The ability of grapes and apples to withstand freezing temperatures, known as cold hardiness, has been observed to weaken during milder winters. This is particularly concerning as it can lead to increased vulnerability to freeze damage, especially if the plants bud early due to unseasonably warm temperatures.

4. **Increased Risk of Frost Damage**: As the winter progresses and temperatures fluctuate, there is a heightened risk of frost damage to the buds. If buds break early and then are exposed to a late frost, it can severely impact the yield and quality of the crops.

Overall, the combination of disrupted dormancy, weakened cold hardiness, and increased risk of frost damage makes milder winters a significant concern for grape and apple growers."
What are the basic recycling steps for solar panels?,"The basic recycling steps for solar panels typically include the following:

1. **Collection**: Old or damaged solar panels are collected from various sources, such as residential installations, commercial sites, or recycling centers.

2. **Transportation**: The collected panels are transported to a recycling facility where they can be processed.

3. **Disassembly**: At the recycling facility, the solar panels are disassembled. This involves removing the aluminum frames, junction boxes, and glass covers.

4. **Material Separation**: The different materials are separated. Common materials include:
   - **Glass**: Often recycled into new glass products.
   - **Aluminum**: Recycled into new aluminum products.
   - **Silicon**: Extracted from the solar cells for reuse in new solar panels or other applications.
   - **Other Metals**: Such as copper and silver, which can also be recycled.

5. **Processing**: The separated materials are processed to prepare them for reuse. This may involve crushing, shredding, or melting the materials.

6. **Recycling**: The processed materials are then sent to manufacturers to be used in the production of new products, including new solar panels.

7. **Disposal**: Any non-recyclable materials are disposed of in an environmentally responsible manner, following local regulations.

These steps help to minimize waste and recover valuable materials from old solar panels, contributing to a more sustainable lifecycle for solar energy technology."
Why does melting ice contribute to global warming?,"Melting ice contributes to global warming through several interconnected processes:

1. **Albedo Effect**: Ice and snow have a high albedo, meaning they reflect a significant portion of sunlight back into space. When ice melts, it exposes darker surfaces, such as ocean water or land, which absorb more sunlight. This increases the overall temperature of the Earth, leading to further warming and more ice melt.

2. **Release of Methane**: In some regions, particularly in the Arctic, melting ice can release methane, a potent greenhouse gas, that has been trapped in permafrost. As the ice melts, this methane is released into the atmosphere, contributing to the greenhouse effect and further warming.

3. **Increased Ocean Temperatures**: The melting of ice contributes to rising sea levels and can also affect ocean currents and temperatures. Warmer oceans can lead to more ice melt, creating a feedback loop that accelerates global warming.

4. **Changes in Weather Patterns**: The loss of ice can alter weather patterns, leading to more extreme weather events. These changes can disrupt ecosystems and contribute to further climate change.

Overall, the melting of ice is both a consequence of global warming and a factor that exacerbates it, creating a feedback loop that accelerates climate change."
Does the Swedish government plan bans on new petrol and diesel cars?,"Yes, the Swedish government has proposed a ban on new petrol and diesel cars starting from 2030. This initiative is part of their efforts to reduce carbon dioxide emissions."
Where do the turbines used in Icelandic geothermal power plants come from?,"The turbines used in Icelandic geothermal power plants come from various manufacturers, including companies based in the United States. For example, Energent Corporation, based in Santa Ana, California, and AltaRock Energy, Inc., based in Seattle, Washington, are involved in the geothermal sector and provide technology and equipment for geothermal power generation. Additionally, Iceland Geothermal, based in Armuli, Iceland, has developed a patented power system that includes a Variable Phase Turbine for efficient energy generation from geothermal resources. 

Overall, the turbines may be sourced from both local and international companies specializing in geothermal technology."
Who is the target user for Leapfrog Energy?,"The target users for Leapfrog Energy are primarily homeowners. They are specifically aimed at those who are interested in participating in demand response markets, where they can receive financial incentives for reducing their energy consumption during peak demand periods. The partnership with Lumin allows these homeowners to automate their participation in energy management, making it easier for them to contribute to grid stability while also saving money on their energy bills."
What is Agrivoltaics?,"Agrivoltaics is an innovative approach that combines solar electricity generation with agricultural production on the same land. This method allows for the installation of photovoltaic (PV) systems, where solar panels are placed above crops or livestock, providing several benefits without significantly degrading agricultural yield or revenue.

Key aspects of agrivoltaics include:

1. **Dual Use of Land**: Agrivoltaics enables the simultaneous use of land for both solar energy production and agricultural activities, which can enhance land efficiency.

2. **Climate Adaptation**: These systems can help adapt to climate changes and protect crops from extreme weather events.

3. **Improved Agricultural Practices**: The presence of solar panels can improve animal welfare and provide agronomic benefits for specific crops.

4. **Reversibility and Local Adaptation**: Agrivoltaic installations must be reversible and tailored to local conditions, ensuring they do not harm the environment.

5. **Economic Benefits**: By integrating solar energy production, farmers can diversify their income sources, potentially increasing their overall revenue.

Overall, agrivoltaics represents a sustainable strategy that addresses the challenges of food production and renewable energy generation simultaneously."
What is Agrivoltaics?,"Agrivoltaics is an innovative approach that combines solar electricity generation with agricultural production on the same land. This method allows for the installation of photovoltaic (PV) systems, where solar panels are placed above crops or agricultural activities. The key benefits of agrivoltaics include:

1. **Dual Use of Land**: It enables the simultaneous production of food and energy, addressing both agricultural and renewable energy needs.

2. **Environmental Adaptation**: Agrivoltaic systems can help adapt to climate changes and protect crops from extreme weather events.

3. **Improved Agricultural Yield**: The presence of solar panels can enhance the microclimate for crops, potentially improving their growth and yield. The panels provide shade, which can help keep plants cooler and reduce water evaporation.

4. **Economic Benefits**: Farmers can generate additional revenue from the energy produced by the solar panels while continuing their agricultural activities.

5. **Reversibility and Local Adaptation**: Agrivoltaic projects are designed to be reversible and should be adapted to local environmental conditions without causing harm to the ecosystem.

Overall, agrivoltaics represents a sustainable strategy that integrates energy production with food production, contributing to both energy and food security."
Why is cannabis cultivation moving indoors?,"Cannabis cultivation is increasingly moving indoors for several key reasons:

1. **Control Over Environment**: Indoor cultivation allows growers to replicate ideal growing conditions, controlling environmental factors such as temperature, humidity, and light. This control leads to more consistent and higher-quality products.

2. **Year-Round Harvests**: Growing cannabis indoors enables producers to achieve consistent, year-round harvests, as opposed to being limited by seasonal outdoor growing conditions.

3. **Market Demand for Quality**: The growing demand for premium cannabis products has incentivized producers to cultivate indoors, where they can ensure the quality and characteristics of the plants are maintained. Indoor-grown cannabis is often viewed as a premium product, which can command higher prices in the market.

4. **Risk Mitigation**: Outdoor cultivation is subject to various environmental risks, such as wildfires and adverse weather conditions, which can jeopardize entire harvests. Indoor cultivation reduces these risks significantly.

5. **Economic Factors**: With tight profit margins in the cannabis industry, the ability to produce high-quality products consistently can be crucial for profitability. Indoor cultivation can help meet these economic pressures.

However, it's important to note that indoor cultivation comes with significant energy costs, as it requires substantial electricity for lighting and climate control, leading to a large carbon footprint. This has prompted some growers to explore renewable energy options, such as solar power, to mitigate environmental impacts."
What are the obstacles for cannabis producers when it comes to using solar energy?,"Cannabis producers face several obstacles when it comes to using solar energy:

1. **High Energy Demands**: Indoor cannabis cultivation requires a substantial amount of electricity, estimated at 2,000 to 3,000 kWh to produce just one pound of cannabis. This high energy requirement makes it difficult to rely solely on solar power.

2. **Financial Barriers**: In states like California, reduced credits and increased fees for solar setups discourage producers from investing in solar energy. These financial hurdles can make solar installations less appealing.

3. **Competitive Industry**: The fierce competition within the cannabis sector complicates the decision to adopt solar energy as a cost-saving measure, as producers may prioritize immediate financial returns over long-term sustainability investments.

4. **Regulatory Environment**: While renewable portfolio standards (RPS) encourage the use of renewable energy, the complexities of the cannabis market can hinder effective implementation and adoption of solar solutions. 

These factors collectively create significant challenges for cannabis producers looking to transition to solar energy."
"In 2021, what were the top 3 states in the US in terms of total solar power generating capacity?","In 2021, the top three states in the U.S. in terms of total solar power generating capacity were:

1. **California** - California continued to lead the nation by a significant margin, with a solar capacity of over 39,000 megawatts (MW).
2. **Texas** - Texas ranked second, with a solar capacity of around 10,000 MW.
3. **Florida** - Florida came in third, with a solar capacity of approximately 5,000 MW.

These states have made substantial investments in solar energy, contributing to their high generating capacities."
Which has the higher absorption coefficient for wavelengths above 500m - amorphous germanium or amorphous silicon?,"The retrieved information did not provide specific values for the absorption coefficients of amorphous germanium and amorphous silicon for wavelengths above 500 nm. However, in general, amorphous germanium typically has a higher absorption coefficient than amorphous silicon in the infrared region, which includes wavelengths above 500 nm.

If you need precise numerical values or specific studies, I recommend checking scientific literature or databases that focus on material properties in photonics or semiconductor physics. Would you like me to assist you with anything else?"
