question_id,question,generated_answer,status,duration_seconds
1,What is the innovation behind Leclanché's new method to produce lithium-ion batteries?,"Leclanché has introduced an innovative method for producing lithium-ion batteries that significantly enhances their environmental sustainability and performance. The key innovations include:

1. **Reduced Cobalt Usage**: The new battery design uses less cobalt, which is a critical material in battery production. This reduction not only lowers costs but also addresses ethical and supply chain concerns associated with cobalt mining.

2. **Increased Energy Density**: The new battery cell boosts energy density by 20%, which means that the batteries can store more energy in the same amount of space, improving their efficiency and performance in applications like electric vehicles and energy storage systems.

3. **Environmentally Friendly Production Process**: Leclanché has replaced highly toxic organic solvents, traditionally used in the production of lithium-ion batteries, with a water-based process. This change is significant because organic solvents like N-methyl pyrrolidone (NMP) are harmful to the environment. The new method not only makes the production process safer but also enhances the recyclability of the batteries at the end of their life cycle.

Overall, these innovations position Leclanché's batteries as a more sustainable and efficient option in the growing market for energy storage solutions.",Success,5.86
2,What is the EU’s Green Deal Industrial Plan?,"The EU's Green Deal Industrial Plan is an initiative aimed at enhancing investment and economic resilience within the European Union to address the challenges associated with the green transition. Introduced by European Commission President Ursula von der Leyen at the World Economic Forum in January 2023, the plan responds to a request from the EU Council for an industrial policy that would close innovation and growth gaps between the EU and its global competitors.

The plan is designed to make the EU's net-zero industry more competitive and accelerate the transition to net-zero emissions. It focuses on expanding European manufacturing of technologies, goods, and services necessary to meet climate targets, which are part of the broader European Green Deal aimed at modernizing the economy and improving resource efficiency.

The Green Deal Industrial Plan is structured around four key pillars:
1. **Regulatory Environment**: Creating a supportive regulatory framework for clean technologies.
2. **Access to Finance**: Ensuring that businesses have the financial resources needed to invest in green technologies.
3. **Enhancing Skills**: Developing the workforce's skills to meet the demands of a green economy.
4. **Improving Supply Chain Resilience**: Strengthening supply chains to support the clean technology sector.

The initiative will be financed through the EU's €1.8 trillion NextGenerationEU Recovery Plan and is part of the EU's seven-year budget. It also aims to position the European market at the forefront of the global energy transition, particularly in renewable energy and clean technology development.",Success,8.08
3,What is the EU’s Green Deal Industrial Plan?,"The EU's Green Deal Industrial Plan is an initiative aimed at enhancing investment and economic resilience within the European Union to address the challenges associated with the green transition. Introduced by European Commission President Ursula von der Leyen at the World Economic Forum in Davos in January 2023, the plan responds to a request from the EU Council for an industrial policy that would close innovation and growth gaps between the EU and its global competitors.

The plan focuses on four key pillars:

1. **Regulatory Environment**: Streamlining regulations to support industrial growth.
2. **Access to Finance**: Ensuring that businesses have the financial resources needed to invest in green technologies.
3. **Enhancing Skills**: Developing the workforce's skills to meet the demands of a green economy.
4. **Improving Supply Chain Resilience**: Strengthening supply chains to support the production of green technologies.

The Green Deal Industrial Plan is part of the broader European Green Deal, which aims to modernize the EU's economy and make it more resource-efficient. It is expected to be financed through the €1.8 trillion NextGenerationEU Recovery Plan and the EU's seven-year budget. The plan also seeks to position the EU as a leader in the global energy transition, particularly in renewable energy and clean technology sectors, in response to geopolitical challenges and competition from other major economies, such as the U.S. with its Inflation Reduction Act.",Success,7.34
4,What are the four focus areas of the EU's Green Deal Industrial Plan?,"The EU's Green Deal Industrial Plan focuses on four key areas, or pillars:

1. **Regulatory Environment**: Creating a predictable and simplified regulatory framework to support industrial growth.
2. **Access to Finance**: Ensuring faster access to funding for projects and initiatives related to the green transition.
3. **Enhancing Skills**: Developing and enhancing the skills of the workforce to meet the demands of the green economy.
4. **Supply Chain Resilience**: Improving the resilience of supply chains to support the manufacturing of net-zero technologies.",Success,3.03
5,When did the cooperation between GM and Honda on fuel cell vehicles start?,"The cooperation between General Motors (GM) and Honda on fuel cell vehicles started in July 2013. This collaboration was established to share their combined total of 1,200 fuel cell patents that they had compiled prior to 2012.",Success,2.4
6,Did Colgate-Palmolive enter into PPA agreements with solar developers?,"Yes, Colgate-Palmolive has entered into a power purchase agreement (PPA) with Scout Clean Energy for the Markum Solar Farm located near Waco, Texas. This agreement is a virtual power purchase agreement (VPPA) that will last for 20 years and is expected to meet the electricity requirements of Colgate-Palmolive's entire U.S. operations once the solar project is commissioned in late 2024. The Markum Solar Farm has a capacity of 209 MW and is projected to generate enough clean energy to power approximately 32,200 homes. This initiative is part of Colgate-Palmolive's renewable energy master plan, aiming for net-zero carbon emissions by 2040 and 100% renewable electricity across its global operations by 2030.",Success,4.36
7,What is the status of ZeroAvia's hydrogen fuel cell electric aircraft?,"ZeroAvia is making significant progress with its hydrogen fuel cell electric aircraft. As of December 2022, the company received permission from the UK Civil Aviation Authority (CAA) to fly its retrofitted 19-seat Dornier 228 aircraft, marking a crucial step towards commercialization. This approval validates ZeroAvia's engineering and ground testing efforts, indicating that they are on track to bring their zero-emission aircraft to market.

The Dornier 228 aircraft demonstrates the scalability of ZeroAvia's hydrogen-electric technology, which is said to have 30 times more specific energy compared to lithium-ion batteries. This technology is positioned as a promising solution for sustainable aviation, with the potential for significant decarbonization in the industry. The company emphasizes that this is just the beginning, as they aim to build a future of sustainable aviation with zero climate impact.",Success,4.92
8,"What is the ""Danger Season""?","The term ""Danger Season"" refers to a specific period when certain risks or hazards are heightened. Its meaning can vary based on context, such as environmental, social, or economic factors. 

1. **Environmental Context**: In relation to climate change, ""Danger Season"" might refer to times of the year when natural disasters like hurricanes, wildfires, or floods are more likely due to seasonal weather patterns.

2. **Social Context**: It can also denote periods of increased violence or crime, often linked to political unrest or economic downturns.

3. **Geographic Influence**: The specifics of what constitutes a ""Danger Season"" can differ significantly based on geographic location and the types of risks being assessed.

Overall, the term lacks a universal definition, and its interpretation can vary widely depending on the specific risks and context involved.",Success,16.39
9,Is Mississipi an anti-ESG state?,"Yes, Mississippi is considered an anti-ESG state. The state has enacted laws that limit the influence of Environmental, Social, and Governance (ESG) criteria in investment decisions. Specifically, state investment funds are prohibited from considering ESG factors when making investment choices. Additionally, some state officials have publicly criticized ESG investing, arguing that it does not align with the interests of the state's economy.

This stance is part of a broader movement among several U.S. states that are pushing back against what they perceive as the overreach of ESG considerations in business and finance. Therefore, Mississippi is positioning itself as an anti-ESG state through its legislative actions and public statements from officials.",Success,13.21
10,Can you hang solar panels on garden fences?,"Yes, you can hang solar panels on garden fences, but there are several important considerations to keep in mind:

1. **Orientation and Sunlight Exposure**: Ensure that the panels are positioned to receive maximum sunlight throughout the day. Fences may cast shadows, especially in the morning and late afternoon.

2. **Structural Integrity**: The fence must be strong enough to support the weight of the solar panels. If the fence is not sturdy, it may need reinforcement or a different mounting solution.

3. **Mounting Hardware**: Use appropriate mounting hardware designed for solar panels. This will ensure that the panels are securely attached and can withstand wind and weather conditions.

4. **Local Regulations**: Check local zoning laws and regulations regarding solar panel installations. Some areas may have restrictions on where and how solar panels can be mounted.

5. **Aesthetics and Neighbors**: Consider the visual impact on your garden and how it may affect your neighbors. It’s a good idea to discuss your plans with them if the panels will be highly visible.

6. **Access for Maintenance**: Ensure that the panels are accessible for cleaning and maintenance.

If these factors are taken into account, hanging solar panels on garden fences can be a viable option for generating solar energy.",Success,5.77
11,Who develops quality control systems for ocean temperature in-situ profiles?,"Several organizations and programs are involved in developing quality control systems for ocean temperature in-situ profiles. Here are a few notable ones:

1. **Coriolis Program**: This French program produces the COriolis dataset for Re-Analysis (CORA), which includes in-situ temperature and salinity profiles. They have developed various tests to ensure homogeneous quality control that meets the requirements for physical ocean reanalysis activities.

2. **US Navy Oceanographic Production Centers**: They have developed a fully three-dimensional, multivariate optimum-interpolation ocean data assimilation system that includes integrated quality control for new observations. This system is operational for both global and regional applications.

3. **Mercator Océan**: Their MyOcean global analysis and forecasting system includes quality control measures to minimize the risk of erroneous observations being used in models. They utilize various data sources, including in-situ measurements and satellite data, to ensure the accuracy of their ocean monitoring and forecasting systems.

These organizations employ advanced methodologies and technologies to ensure the quality and reliability of ocean temperature data collected from various in-situ sources.",Success,6.36
12,Why are milder winters detrimental for grapes and apples?,"Milder winters can be detrimental to grapes and apples for several reasons:

1. **Dormancy Disruption**: Grapes and apples require a specific number of chilling hours (cold temperatures) during winter to break dormancy properly. Insufficient chilling hours due to milder winters can lead to poor bud development and lower fruit yields in the following growing season.

2. **Early Bud Break**: Warmer winter temperatures can cause buds to break dormancy too early. If this occurs before the last frost date, the young buds and flowers can be damaged by late frosts, resulting in significant crop loss.

3. **Pest and Disease Pressure**: Milder winters can allow pests and diseases to survive that would typically be killed off by colder temperatures. This can lead to increased pest populations and disease outbreaks in the spring, negatively affecting crop health.

4. **Water Stress**: Milder winters may result in reduced snowpack or rainfall, affecting soil moisture levels. This can lead to water stress during the growing season, impacting the health and yield of the plants.

5. **Quality of Fruit**: The stress from inadequate chilling and early bud break can affect the quality of grapes and apples. This can lead to issues with sugar levels, acidity, and overall flavor profile, which are crucial for wine production and the marketability of apples.

In summary, while milder winters may seem beneficial, they can disrupt the critical life cycle of these fruit crops, leading to lower yields and poorer quality.",Success,22.97
13,What are the basic recycling steps for solar panels?,"The basic recycling steps for solar panels typically include the following:

1. **Collection and Transportation**: End-of-life solar panels are collected from installation sites and transported to recycling facilities.

2. **Dismantling**: The solar panels are dismantled to separate the different components. This includes removing the aluminum frame, junction box, and glass.

3. **Glass Recycling**: The glass from the solar panels is crushed and processed for recycling. It can be reused in new glass products or in the manufacturing of new solar panels.

4. **Silicon Recovery**: The silicon cells are processed to recover silicon. This can involve chemical treatments to remove impurities and recover high-purity silicon for reuse in new solar cells.

5. **Metal Recovery**: Other metals, such as silver and copper, are extracted from the panels. These metals can be recycled and used in various applications.

6. **Hazardous Material Handling**: If the solar panels contain hazardous materials (like cadmium in certain types of thin-film panels), special procedures are followed to safely handle and dispose of these materials.

7. **Reintegration into Supply Chain**: The recovered materials are then reintegrated into the supply chain to produce new solar panels or other products, promoting a circular economy.

8. **Documentation and Compliance**: Throughout the recycling process, proper documentation is maintained to ensure compliance with environmental regulations and standards.

These steps help minimize waste and promote sustainability in the solar energy sector.",Success,4.89
14,Why does melting ice contribute to global warming?,"Melting ice contributes to global warming primarily through two mechanisms: the albedo effect and the release of greenhouse gases.

1. **Albedo Effect**: 
   - Albedo is a measure of how much sunlight a surface reflects. Ice and snow have a high albedo, meaning they reflect a significant amount of sunlight back into space. When ice melts, it exposes darker surfaces underneath, such as ocean water or land, which have a low albedo and absorb more sunlight. This increased absorption of heat leads to further warming, causing more ice to melt in a feedback loop.

2. **Release of Greenhouse Gases**: 
   - As ice melts, it can release trapped greenhouse gases, such as methane, which are potent contributors to global warming. These gases enhance the greenhouse effect, trapping more heat in the atmosphere.

3. **Impact on Climate**: 
   - The loss of ice also affects ocean circulation patterns and weather systems, which can have broader impacts on climate.

In summary, melting ice reduces the Earth's albedo, leading to increased heat absorption, and can release greenhouse gases, both of which contribute to global warming. However, the exact magnitude of these effects and their broader implications for climate patterns are complex and not fully understood.",Success,16.52
15,Does the Swedish government plan bans on new petrol and diesel cars?,"Yes, the Swedish government has proposed a ban on new petrol and diesel cars starting from 2030. This initiative is part of their efforts to reduce carbon dioxide emissions.",Success,2.39
16,Where do the turbines used in Icelandic geothermal power plants come from?,"The turbines used in Icelandic geothermal power plants are likely sourced from various manufacturers, including companies based in the USA such as Energent Corporation and AltaRock Energy, which design and supply turbines and systems for geothermal energy. Additionally, Iceland has its own geothermal cluster that promotes local technologies and innovations in geothermal energy.

This means that while some turbines may be imported from foreign manufacturers, there is also a strong emphasis on developing and utilizing local technology in Iceland. Thus, the sourcing of turbines involves a combination of both local and international suppliers.",Success,9.66
17,Who is the target user for Leapfrog Energy?,"The target users for Leapfrog Energy are primarily homeowners. The company focuses on providing these users with automated participation in demand response markets, allowing them to receive financial incentives for reducing their energy consumption during peak demand periods. This is facilitated through partnerships with companies like Lumin, which offers smart energy management solutions that integrate with Leapfrog's platform. Homeowners can benefit from reduced energy costs and contribute to grid stability by managing their energy usage more effectively.",Success,7.85
18,What is Agrivoltaics?,"Agrivoltaics is a dual land-use strategy that combines agriculture and solar energy production on the same land. This innovative approach allows for the installation of solar panels on agricultural fields, enabling farmers to generate renewable energy while continuing to cultivate crops. 

### Key Features of Agrivoltaics:

1. **Dual Land Use**: Farmers can grow crops while simultaneously generating renewable energy from solar panels, maximizing the utility of the land.

2. **Benefits of Solar Panels**: The solar panels provide shade, which can help reduce water evaporation and create a microclimate that may benefit certain crops, especially in hot climates.

3. **Alternative Revenue Stream**: The income from solar energy can provide farmers with an additional revenue source, potentially increasing the overall productivity and sustainability of the land.

4. **Environmental Impact**: Agrivoltaics aims to reduce competition for land between food production and renewable energy generation, contributing to climate change mitigation efforts.

### Considerations:
- The effectiveness of agrivoltaics can vary based on crop types, local climate conditions, and solar installation design.
- Challenges may include initial investment costs, maintenance of solar panels, and potential impacts on crop yields.
- The long-term sustainability and economic viability of agrivoltaics are still under evaluation.

Overall, agrivoltaics represents a promising solution to optimize land use, enhance farm productivity, and support renewable energy initiatives.",Success,14.15
19,What is Agrivoltaics?,"Agrivoltaics is a dual land-use strategy that combines agriculture and solar energy production on the same land. This innovative approach allows for the installation of solar panels on agricultural fields, enabling farmers to generate renewable energy while continuing to cultivate crops.

### Key Aspects of Agrivoltaics:

1. **Dual Land Use**: It allows for simultaneous use of land for both agriculture and solar energy generation.
  
2. **Installation of Solar Panels**: Solar panels are placed on farmland, enabling farmers to harness solar energy without sacrificing crop production.

3. **Benefits of Shade**: The solar panels provide shade, which can help reduce water evaporation and create a microclimate that may benefit certain crops.

4. **Increased Land Productivity**: This method enhances overall land productivity by allowing for food production and energy generation at the same time.

5. **Sustainability**: Agrivoltaics supports sustainable agricultural practices and renewable energy goals, addressing food and energy needs simultaneously.

### Considerations:

- **Crop Suitability**: The effectiveness of agrivoltaics can vary based on the types of crops grown and their response to the shade and microclimate created by the solar panels.
  
- **Economic Viability**: The financial implications for farmers, including initial costs and long-term benefits, can differ and are not fully established.

- **Regulatory Challenges**: Land use regulations and zoning laws may affect the implementation of agrivoltaics in different regions.

- **Environmental Impact**: Ongoing research is needed to understand the long-term effects of combining agriculture with solar energy production on soil health, biodiversity, and ecosystem services. 

Overall, agrivoltaics presents a promising solution for enhancing land use efficiency while contributing to renewable energy production.",Success,17.59
20,Why is cannabis cultivation moving indoors?,"Cannabis cultivation is increasingly moving indoors for several key reasons:

1. **Control Over Environmental Factors**: Indoor cultivation allows growers to replicate ideal growing conditions, controlling factors such as temperature, humidity, and light. This control leads to more consistent and higher-quality products.

2. **Year-Round Harvests**: By growing cannabis indoors, producers can achieve consistent, year-round harvests, rather than being limited to seasonal outdoor growing cycles. This is particularly important in meeting the growing demand for cannabis.

3. **Quality and Premium Products**: Indoor-grown cannabis is often considered a premium product. In competitive markets, such as California, where there is a significant black market, commercial growers are incentivized to produce high-quality cannabis that can only be cultivated in a climate-controlled environment.

4. **Risk Mitigation**: Outdoor cultivation is subject to environmental risks, such as wildfires and adverse weather conditions, which can jeopardize entire harvests. Indoor cultivation reduces these risks significantly.

5. **Market Demand**: The legalization of cannabis for medical and recreational use has led to a booming industry, with projections indicating substantial growth in sales. This demand drives producers to adopt methods that ensure quality and reliability, which indoor cultivation provides.

However, it's important to note that indoor cultivation comes with significant energy costs and a large carbon footprint due to the high-powered lighting and HVAC systems required. This has led to discussions about the sustainability of indoor cannabis production and the potential for integrating renewable energy sources, such as solar power, into cultivation practices.",Success,7.27
21,What are the obstacles for cannabis producers when it comes to using solar energy?,"Cannabis producers face several obstacles when it comes to using solar energy:

1. **High Energy Demands**: Indoor cannabis cultivation requires a significant amount of electricity, estimated at 2,000 to 3,000 kWh to produce just one pound of cannabis. This high energy requirement makes it challenging to rely solely on solar energy.

2. **Financial Incentives**: The financial incentives for adopting solar energy, such as credits and subsidies, can be complicated by state policies. In some cases, these incentives may be reduced or less appealing, discouraging investment in solar power.

3. **Regulatory Challenges**: In states like California, where cannabis cultivation is prevalent, the regulatory environment can create additional hurdles. The substantial energy load from cannabis cultivation can strain the solar market, and policies aimed at increasing renewable energy generation may not align well with the needs of cannabis producers.

Overall, while solar energy offers sustainable benefits, the combination of high energy needs and regulatory complexities poses significant barriers for cannabis producers looking to adopt solar power.",Success,12.15
22,"In 2021, what were the top 3 states in the US in terms of total solar power generating capacity?","In 2021, the top three states in the U.S. in terms of total solar power generating capacity were:

1. **California**
2. **Texas**
3. **Florida**

These states consistently led in solar capacity additions, with California reclaiming the top position after Texas had led the nation in 2021.",Success,7.88
23,Which has the higher absorption coefficient for wavelengths above 500m - amorphous germanium or amorphous silicon?,"The absorption coefficients for amorphous germanium and amorphous silicon at wavelengths above 500 nm can vary based on the specific conditions and materials used. However, based on the available literature:

1. **Amorphous Germanium**: The absorption coefficient of amorphous germanium tends to be higher than that of amorphous silicon in the near-infrared region. This is due to its direct bandgap nature, which allows it to absorb light more effectively at longer wavelengths.

2. **Amorphous Silicon**: Amorphous silicon has a lower absorption coefficient compared to amorphous germanium, particularly in the same wavelength range. Its absorption characteristics are influenced by its indirect bandgap nature, which generally results in lower absorption efficiency for longer wavelengths.

In summary, **amorphous germanium has a higher absorption coefficient than amorphous silicon for wavelengths above 500 nm**. This makes amorphous germanium more suitable for applications requiring efficient light absorption in that range, such as in certain types of photodetectors and solar cells.",Success,11.09
